{"aAcc": 48.07, "mIoU": 19.05, "mAcc": 39.08, "data_time": 0.0024800796508789064, "time": 0.6885418753623962}