{"aAcc": 48.53, "mIoU": 28.96, "mAcc": 47.68, "data_time": 0.002991946220397949, "time": 0.7914860563278199}