{"aAcc": 53.52, "mIoU": 34.99, "mAcc": 53.63, "data_time": 0.0017588893447923809, "time": 0.12098125025022739}