{"aAcc": 41.41, "mIoU": 25.17, "mAcc": 42.96, "data_time": 0.0022403230667114257, "time": 0.6457249683380127}