{"aAcc": 73.38, "mIoU": 38.26, "mAcc": 57.13, "data_time": 0.006316938400268555, "time": 0.43901204109191894}