{"aAcc": 77.14, "mIoU": 36.2, "mAcc": 57.07, "data_time": 0.001979861068725586, "time": 0.5413676200866699}