{"aAcc": 89.27, "mIoU": 62.36, "mAcc": 77.52, "data_time": 0.002036562288440944, "time": 0.18687619021055696}