{"aAcc": 62.76, "mIoU": 38.34, "mAcc": 59.45, "data_time": 0.0018653557592051156, "time": 0.12241753010914244}