{"aAcc": 90.54, "mIoU": 80.59, "mAcc": 89.28, "data_time": 0.0015053620743208543, "time": 0.0813873190975255}